Unnamed: 0,trad_unnamed: 0,trad_team,trad_matchup,trad_gamedate,trad_w/l,trad_min,trad_pts,trad_fgm,trad_fga,trad_fg%,trad_3pm,trad_3pa,trad_3p%,trad_ftm,trad_fta,trad_ft%,trad_oreb,trad_dreb,trad_reb,trad_ast,trad_tov,trad_stl,trad_blk,trad_pf,trad_+/-,trad_season,trad_season_type,adv_unnamed: 0,adv_team,adv_matchup,adv_gamedate,adv_w/l,adv_min,adv_offrtg,adv_defrtg,adv_netrtg,adv_ast%,adv_ast/to,adv_astratio,adv_oreb%,adv_dreb%,adv_reb%,adv_tov%,adv_efg%,adv_ts%,adv_pace,adv_pie,adv_season,adv_season_type,four_unnamed: 0,four_team,four_matchup,four_gamedate,four_w/l,four_min,four_efg%,four_ftarate,four_tov%,four_oreb%,four_oppefg%,four_oppfta rate,four_opptov%,four_opporeb%,four_season,four_season_type,misc_unnamed: 0,misc_team,misc_matchup,misc_gamedate,misc_w/l,misc_min,misc_ptsoff to,misc_2ndpts,misc_fbps,misc_pitp,misc_opp ptsoff to,misc_opp2nd pts,misc_oppfbps,misc_opppitp,misc_season,misc_season_type,score_unnamed: 0,score_team,score_matchup,score_gamedate,score_w/l,score_min,score_%fga2pt,score_%fga3pt,score_%pts2pt,score_%pts2pt mr,score_%pts3pt,score_%ptsfbps,score_%ptsft,score_%ptsoff to,score_%ptspitp,score_2fgm%ast,score_2fgm%uast,score_3fgm%ast,score_3fgm%uast,score_fgm%ast,score_fgm%uast,score_season,score_season_type,team_2,game_id,tm2__trad_unnamed: 0,tm2__trad_team,tm2__trad_matchup,tm2__trad_gamedate,tm2__trad_w/l,tm2__trad_min,tm2__trad_pts,tm2__trad_fgm,tm2__trad_fga,tm2__trad_fg%,tm2__trad_3pm,tm2__trad_3pa,tm2__trad_3p%,tm2__trad_ftm,tm2__trad_fta,tm2__trad_ft%,tm2__trad_oreb,tm2__trad_dreb,tm2__trad_reb,tm2__trad_ast,tm2__trad_tov,tm2__trad_stl,tm2__trad_blk,tm2__trad_pf,tm2__trad_+/-,tm2__trad_season,tm2__trad_season_type,tm2__adv_unnamed: 0,tm2__adv_team,tm2__adv_matchup,tm2__adv_gamedate,tm2__adv_w/l,tm2__adv_min,tm2__adv_offrtg,tm2__adv_defrtg,tm2__adv_netrtg,tm2__adv_ast%,tm2__adv_ast/to,tm2__adv_astratio,tm2__adv_oreb%,tm2__adv_dreb%,tm2__adv_reb%,tm2__adv_tov%,tm2__adv_efg%,tm2__adv_ts%,tm2__adv_pace,tm2__adv_pie,tm2__adv_season,tm2__adv_season_type,tm2__four_unnamed: 0,tm2__four_team,tm2__four_matchup,tm2__four_gamedate,tm2__four_w/l,tm2__four_min,tm2__four_efg%,tm2__four_ftarate,tm2__four_tov%,tm2__four_oreb%,tm2__four_oppefg%,tm2__four_oppfta rate,tm2__four_opptov%,tm2__four_opporeb%,tm2__four_season,tm2__four_season_type,tm2__misc_unnamed: 0,tm2__misc_team,tm2__misc_matchup,tm2__misc_gamedate,tm2__misc_w/l,tm2__misc_min,tm2__misc_ptsoff to,tm2__misc_2ndpts,tm2__misc_fbps,tm2__misc_pitp,tm2__misc_opp ptsoff to,tm2__misc_opp2nd pts,tm2__misc_oppfbps,tm2__misc_opppitp,tm2__misc_season,tm2__misc_season_type,tm2__score_unnamed: 0,tm2__score_team,tm2__score_matchup,tm2__score_gamedate,tm2__score_w/l,tm2__score_min,tm2__score_%fga2pt,tm2__score_%fga3pt,tm2__score_%pts2pt,tm2__score_%pts2pt mr,tm2__score_%pts3pt,tm2__score_%ptsfbps,tm2__score_%ptsft,tm2__score_%ptsoff to,tm2__score_%ptspitp,tm2__score_2fgm%ast,tm2__score_2fgm%uast,tm2__score_3fgm%ast,tm2__score_3fgm%uast,tm2__score_fgm%ast,tm2__score_fgm%uast,tm2__score_season,tm2__score_season_type,t1_t2_pts,t1_t2_fgm,t1_t2_fga,t1_t2_fg_percent,t1_t2_3pm,t1_t2_3pa,t1_t2_3p_percent,t1_t2_ftm,t1_t2_fta,t1_t2_ft_percent,t1_t2_oreb,t1_t2_dreb,t1_t2_reb,t1_t2_ast,t1_t2_stl,t1_t2_blk,t1_t2_tov,t1_t2_pf,who_wins,days_since_dec_1,t1_running_trad_pts,t1_running_trad_fgm,t1_running_trad_fga,t1_running_trad_fg%,t1_running_trad_3pm,t1_running_trad_3pa,t1_running_trad_3p%,t1_running_trad_ftm,t1_running_trad_fta,t1_running_trad_ft%,t1_running_trad_oreb,t1_running_trad_dreb,t1_running_trad_reb,t1_running_trad_ast,t1_running_trad_tov,t1_running_trad_stl,t1_running_trad_blk,t1_running_trad_pf,t1_running_trad_+/-,t1_running_adv_offrtg,t1_running_adv_defrtg,t1_running_adv_netrtg,t1_running_adv_ast%,t1_running_adv_ast/to,t1_running_adv_astratio,t1_running_adv_oreb%,t1_running_adv_dreb%,t1_running_adv_reb%,t1_running_adv_tov%,t1_running_adv_efg%,t1_running_adv_ts%,t1_running_adv_pace,t1_running_adv_pie,t1_running_four_efg%,t1_running_four_ftarate,t1_running_four_tov%,t1_running_four_oreb%,t1_running_four_oppefg%,t1_running_four_oppfta rate,t1_running_four_opptov%,t1_running_four_opporeb%,t1_running_misc_ptsoff to,t1_running_misc_2ndpts,t1_running_misc_fbps,t1_running_misc_pitp,t1_running_misc_opp ptsoff to,t1_running_misc_opp2nd pts,t1_running_misc_oppfbps,t1_running_misc_opppitp,t1_running_score_%fga2pt,t1_running_score_%fga3pt,t1_running_score_%pts2pt,t1_running_score_%pts2pt mr,t1_running_score_%pts3pt,t1_running_score_%ptsfbps,t1_running_score_%ptsft,t1_running_score_%ptsoff to,t1_running_score_%ptspitp,t1_running_score_2fgm%ast,t1_running_score_2fgm%uast,t1_running_score_3fgm%ast,t1_running_score_3fgm%uast,t1_running_score_fgm%ast,t1_running_score_fgm%uast,t1_running_days_since_dec_1,t2_running_trad_pts,t2_running_trad_fgm,t2_running_trad_fga,t2_running_trad_fg%,t2_running_trad_3pm,t2_running_trad_3pa,t2_running_trad_3p%,t2_running_trad_ftm,t2_running_trad_fta,t2_running_trad_ft%,t2_running_trad_oreb,t2_running_trad_dreb,t2_running_trad_reb,t2_running_trad_ast,t2_running_trad_tov,t2_running_trad_stl,t2_running_trad_blk,t2_running_trad_pf,t2_running_trad_+/-,t2_running_adv_offrtg,t2_running_adv_defrtg,t2_running_adv_netrtg,t2_running_adv_ast%,t2_running_adv_ast/to,t2_running_adv_astratio,t2_running_adv_oreb%,t2_running_adv_dreb%,t2_running_adv_reb%,t2_running_adv_tov%,t2_running_adv_efg%,t2_running_adv_ts%,t2_running_adv_pace,t2_running_adv_pie,t2_running_four_efg%,t2_running_four_ftarate,t2_running_four_tov%,t2_running_four_oreb%,t2_running_four_oppefg%,t2_running_four_oppfta rate,t2_running_four_opptov%,t2_running_four_opporeb%,t2_running_misc_ptsoff to,t2_running_misc_2ndpts,t2_running_misc_fbps,t2_running_misc_pitp,t2_running_misc_opp ptsoff to,t2_running_misc_opp2nd pts,t2_running_misc_oppfbps,t2_running_misc_opppitp,t2_running_score_%fga2pt,t2_running_score_%fga3pt,t2_running_score_%pts2pt,t2_running_score_%pts2pt mr,t2_running_score_%pts3pt,t2_running_score_%ptsfbps,t2_running_score_%ptsft,t2_running_score_%ptsoff to,t2_running_score_%ptspitp,t2_running_score_2fgm%ast,t2_running_score_2fgm%uast,t2_running_score_3fgm%ast,t2_running_score_3fgm%uast,t2_running_score_fgm%ast,t2_running_score_fgm%uast,t2_running_days_since_dec_1,running_t1-t2_trad_pts,running_t1-t2_trad_fgm,running_t1-t2_trad_fga,running_t1-t2_trad_fg%,running_t1-t2_trad_3pm,running_t1-t2_trad_3pa,running_t1-t2_trad_3p%,running_t1-t2_trad_ftm,running_t1-t2_trad_fta,running_t1-t2_trad_ft%,running_t1-t2_trad_oreb,running_t1-t2_trad_dreb,running_t1-t2_trad_reb,running_t1-t2_trad_ast,running_t1-t2_trad_tov,running_t1-t2_trad_stl,running_t1-t2_trad_blk,running_t1-t2_trad_pf,running_t1-t2_trad_+/-,running_t1-t2_adv_offrtg,running_t1-t2_adv_defrtg,running_t1-t2_adv_netrtg,running_t1-t2_adv_ast%,running_t1-t2_adv_ast/to,running_t1-t2_adv_astratio,running_t1-t2_adv_oreb%,running_t1-t2_adv_dreb%,running_t1-t2_adv_reb%,running_t1-t2_adv_tov%,running_t1-t2_adv_efg%,running_t1-t2_adv_ts%,running_t1-t2_adv_pace,running_t1-t2_adv_pie,running_t1-t2_four_efg%,running_t1-t2_four_ftarate,running_t1-t2_four_tov%,running_t1-t2_four_oreb%,running_t1-t2_four_oppefg%,running_t1-t2_four_oppfta rate,running_t1-t2_four_opptov%,running_t1-t2_four_opporeb%,running_t1-t2_misc_ptsoff to,running_t1-t2_misc_2ndpts,running_t1-t2_misc_fbps,running_t1-t2_misc_pitp,running_t1-t2_misc_opp ptsoff to,running_t1-t2_misc_opp2nd pts,running_t1-t2_misc_oppfbps,running_t1-t2_misc_opppitp,running_t1-t2_score_%fga2pt,running_t1-t2_score_%fga3pt,running_t1-t2_score_%pts2pt,running_t1-t2_score_%pts2pt mr,running_t1-t2_score_%pts3pt,running_t1-t2_score_%ptsfbps,running_t1-t2_score_%ptsft,running_t1-t2_score_%ptsoff to,running_t1-t2_score_%ptspitp,running_t1-t2_score_2fgm%ast,running_t1-t2_score_2fgm%uast,running_t1-t2_score_3fgm%ast,running_t1-t2_score_3fgm%uast,running_t1-t2_score_fgm%ast,running_t1-t2_score_fgm%uast,running_t1-t2_days_since_dec_1,league_running_trad_pts,league_running_trad_fgm,league_running_trad_fga,league_running_trad_fg%,league_running_trad_3pm,league_running_trad_3pa,league_running_trad_3p%,league_running_trad_ftm,league_running_trad_fta,league_running_trad_ft%,league_running_trad_oreb,league_running_trad_dreb,league_running_trad_reb,league_running_trad_ast,league_running_trad_tov,league_running_trad_stl,league_running_trad_blk,league_running_trad_pf,league_running_trad_+/-,league_running_adv_offrtg,league_running_adv_defrtg,league_running_adv_netrtg,league_running_adv_ast%,league_running_adv_ast/to,league_running_adv_astratio,league_running_adv_oreb%,league_running_adv_dreb%,league_running_adv_reb%,league_running_adv_tov%,league_running_adv_efg%,league_running_adv_ts%,league_running_adv_pace,league_running_adv_pie,league_running_four_efg%,league_running_four_ftarate,league_running_four_tov%,league_running_four_oreb%,league_running_four_oppefg%,league_running_four_oppfta rate,league_running_four_opptov%,league_running_four_opporeb%,league_running_misc_ptsoff to,league_running_misc_2ndpts,league_running_misc_fbps,league_running_misc_pitp,league_running_misc_opp ptsoff to,league_running_misc_opp2nd pts,league_running_misc_oppfbps,league_running_misc_opppitp,league_running_score_%fga2pt,league_running_score_%fga3pt,league_running_score_%pts2pt,league_running_score_%pts2pt mr,league_running_score_%pts3pt,league_running_score_%ptsfbps,league_running_score_%ptsft,league_running_score_%ptsoff to,league_running_score_%ptspitp,league_running_score_2fgm%ast,league_running_score_2fgm%uast,league_running_score_3fgm%ast,league_running_score_3fgm%uast,league_running_score_fgm%ast,league_running_score_fgm%uast,league_running_days_since_dec_1,t1_league_delta_trad_pts,t1_league_delta_trad_fgm,t1_league_delta_trad_fga,t1_league_delta_trad_fg%,t1_league_delta_trad_3pm,t1_league_delta_trad_3pa,t1_league_delta_trad_3p%,t1_league_delta_trad_ftm,t1_league_delta_trad_fta,t1_league_delta_trad_ft%,t1_league_delta_trad_oreb,t1_league_delta_trad_dreb,t1_league_delta_trad_reb,t1_league_delta_trad_ast,t1_league_delta_trad_tov,t1_league_delta_trad_stl,t1_league_delta_trad_blk,t1_league_delta_trad_pf,t1_league_delta_trad_+/-,t1_league_delta_adv_offrtg,t1_league_delta_adv_defrtg,t1_league_delta_adv_netrtg,t1_league_delta_adv_ast%,t1_league_delta_adv_ast/to,t1_league_delta_adv_astratio,t1_league_delta_adv_oreb%,t1_league_delta_adv_dreb%,t1_league_delta_adv_reb%,t1_league_delta_adv_tov%,t1_league_delta_adv_efg%,t1_league_delta_adv_ts%,t1_league_delta_adv_pace,t1_league_delta_adv_pie,t1_league_delta_four_efg%,t1_league_delta_four_ftarate,t1_league_delta_four_tov%,t1_league_delta_four_oreb%,t1_league_delta_four_oppefg%,t1_league_delta_four_oppfta rate,t1_league_delta_four_opptov%,t1_league_delta_four_opporeb%,t1_league_delta_misc_ptsoff to,t1_league_delta_misc_2ndpts,t1_league_delta_misc_fbps,t1_league_delta_misc_pitp,t1_league_delta_misc_opp ptsoff to,t1_league_delta_misc_opp2nd pts,t1_league_delta_misc_oppfbps,t1_league_delta_misc_opppitp,t1_league_delta_score_%fga2pt,t1_league_delta_score_%fga3pt,t1_league_delta_score_%pts2pt,t1_league_delta_score_%pts2pt mr,t1_league_delta_score_%pts3pt,t1_league_delta_score_%ptsfbps,t1_league_delta_score_%ptsft,t1_league_delta_score_%ptsoff to,t1_league_delta_score_%ptspitp,t1_league_delta_score_2fgm%ast,t1_league_delta_score_2fgm%uast,t1_league_delta_score_3fgm%ast,t1_league_delta_score_3fgm%uast,t1_league_delta_score_fgm%ast,t1_league_delta_score_fgm%uast,t1_league_delta_days_since_dec_1,t2_league_delta_trad_pts,t2_league_delta_trad_fgm,t2_league_delta_trad_fga,t2_league_delta_trad_fg%,t2_league_delta_trad_3pm,t2_league_delta_trad_3pa,t2_league_delta_trad_3p%,t2_league_delta_trad_ftm,t2_league_delta_trad_fta,t2_league_delta_trad_ft%,t2_league_delta_trad_oreb,t2_league_delta_trad_dreb,t2_league_delta_trad_reb,t2_league_delta_trad_ast,t2_league_delta_trad_tov,t2_league_delta_trad_stl,t2_league_delta_trad_blk,t2_league_delta_trad_pf,t2_league_delta_trad_+/-,t2_league_delta_adv_offrtg,t2_league_delta_adv_defrtg,t2_league_delta_adv_netrtg,t2_league_delta_adv_ast%,t2_league_delta_adv_ast/to,t2_league_delta_adv_astratio,t2_league_delta_adv_oreb%,t2_league_delta_adv_dreb%,t2_league_delta_adv_reb%,t2_league_delta_adv_tov%,t2_league_delta_adv_efg%,t2_league_delta_adv_ts%,t2_league_delta_adv_pace,t2_league_delta_adv_pie,t2_league_delta_four_efg%,t2_league_delta_four_ftarate,t2_league_delta_four_tov%,t2_league_delta_four_oreb%,t2_league_delta_four_oppefg%,t2_league_delta_four_oppfta rate,t2_league_delta_four_opptov%,t2_league_delta_four_opporeb%,t2_league_delta_misc_ptsoff to,t2_league_delta_misc_2ndpts,t2_league_delta_misc_fbps,t2_league_delta_misc_pitp,t2_league_delta_misc_opp ptsoff to,t2_league_delta_misc_opp2nd pts,t2_league_delta_misc_oppfbps,t2_league_delta_misc_opppitp,t2_league_delta_score_%fga2pt,t2_league_delta_score_%fga3pt,t2_league_delta_score_%pts2pt,t2_league_delta_score_%pts2pt mr,t2_league_delta_score_%pts3pt,t2_league_delta_score_%ptsfbps,t2_league_delta_score_%ptsft,t2_league_delta_score_%ptsoff to,t2_league_delta_score_%ptspitp,t2_league_delta_score_2fgm%ast,t2_league_delta_score_2fgm%uast,t2_league_delta_score_3fgm%ast,t2_league_delta_score_3fgm%uast,t2_league_delta_score_fgm%ast,t2_league_delta_score_fgm%uast,t2_league_delta_days_since_dec_1,t1_delta_minus_t2_delta_trad_pts,t1_delta_minus_t2_delta_trad_fgm,t1_delta_minus_t2_delta_trad_fga,t1_delta_minus_t2_delta_trad_fg%,t1_delta_minus_t2_delta_trad_3pm,t1_delta_minus_t2_delta_trad_3pa,t1_delta_minus_t2_delta_trad_3p%,t1_delta_minus_t2_delta_trad_ftm,t1_delta_minus_t2_delta_trad_fta,t1_delta_minus_t2_delta_trad_ft%,t1_delta_minus_t2_delta_trad_oreb,t1_delta_minus_t2_delta_trad_dreb,t1_delta_minus_t2_delta_trad_reb,t1_delta_minus_t2_delta_trad_ast,t1_delta_minus_t2_delta_trad_tov,t1_delta_minus_t2_delta_trad_stl,t1_delta_minus_t2_delta_trad_blk,t1_delta_minus_t2_delta_trad_pf,t1_delta_minus_t2_delta_trad_+/-,t1_delta_minus_t2_delta_adv_offrtg,t1_delta_minus_t2_delta_adv_defrtg,t1_delta_minus_t2_delta_adv_netrtg,t1_delta_minus_t2_delta_adv_ast%,t1_delta_minus_t2_delta_adv_ast/to,t1_delta_minus_t2_delta_adv_astratio,t1_delta_minus_t2_delta_adv_oreb%,t1_delta_minus_t2_delta_adv_dreb%,t1_delta_minus_t2_delta_adv_reb%,t1_delta_minus_t2_delta_adv_tov%,t1_delta_minus_t2_delta_adv_efg%,t1_delta_minus_t2_delta_adv_ts%,t1_delta_minus_t2_delta_adv_pace,t1_delta_minus_t2_delta_adv_pie,t1_delta_minus_t2_delta_four_efg%,t1_delta_minus_t2_delta_four_ftarate,t1_delta_minus_t2_delta_four_tov%,t1_delta_minus_t2_delta_four_oreb%,t1_delta_minus_t2_delta_four_oppefg%,t1_delta_minus_t2_delta_four_oppfta rate,t1_delta_minus_t2_delta_four_opptov%,t1_delta_minus_t2_delta_four_opporeb%,t1_delta_minus_t2_delta_misc_ptsoff to,t1_delta_minus_t2_delta_misc_2ndpts,t1_delta_minus_t2_delta_misc_fbps,t1_delta_minus_t2_delta_misc_pitp,t1_delta_minus_t2_delta_misc_opp ptsoff to,t1_delta_minus_t2_delta_misc_opp2nd pts,t1_delta_minus_t2_delta_misc_oppfbps,t1_delta_minus_t2_delta_misc_opppitp,t1_delta_minus_t2_delta_score_%fga2pt,t1_delta_minus_t2_delta_score_%fga3pt,t1_delta_minus_t2_delta_score_%pts2pt,t1_delta_minus_t2_delta_score_%pts2pt mr,t1_delta_minus_t2_delta_score_%pts3pt,t1_delta_minus_t2_delta_score_%ptsfbps,t1_delta_minus_t2_delta_score_%ptsft,t1_delta_minus_t2_delta_score_%ptsoff to,t1_delta_minus_t2_delta_score_%ptspitp,t1_delta_minus_t2_delta_score_2fgm%ast,t1_delta_minus_t2_delta_score_2fgm%uast,t1_delta_minus_t2_delta_score_3fgm%ast,t1_delta_minus_t2_delta_score_3fgm%uast,t1_delta_minus_t2_delta_score_fgm%ast,t1_delta_minus_t2_delta_score_fgm%uast,t1_delta_minus_t2_delta_days_since_dec_1,team_wins_previous_season,team_win%_previous_season,team_2_wins_previous_season,team2_win%_previous_season,team1_prevwins_minus_team2_prevwins,home_or_away,prev_season_champ_winner,team2_prev_season_champ_winner,team_yoy_salary_change,team__salary,team_2_yoy_salary_change,team_2__salary,rest_days,team2_rest_days,Matchup_GameDate_x,trad_gamedate_mdy,Matchup_GameDate_2,net_score_top_4,net_score_top_5,net_score_top_6,net_score_top_7,net_score_top_8,top_4_predicted_winner,top_5_predicted_winner,top_6_predicted_winner,top_7_predicted_winner,top_8_predicted_winner,tm1_80_game_avg_offrtg,tm1_80_game_std_offrtg,tm1_80_game_avg_defrtg,tm1_80_game_std_defrtg,tm1_80_game_avg_pace,tm1_80_game_std_pace,tm2_80_game_avg_offrtg,tm2_80_game_std_offrtg,tm2_80_game_avg_defrtg,tm2_80_game_std_defrtg,tm2_80_game_avg_pace,tm2_80_game_std_pace,tm1_40_gm_avg_offrtg,tm1_40_gm_std_offrtg,tm1_40_gm_avg_defrtg,tm1_40_gm_std_defrtg,tm1_40_gm_avg_pace,tm1_40_gm_std_pace,tm2_40_gm_avg_offrtg,tm2_40_gm_std_offrtg,tm2_40_gm_avg_defrtg,tm2_40_gm_std_defrtg,tm2_40_gm_avg_pace,tm2_40_gm_std_pace,tm1_20_gm_avg_offrtg,tm1_20_gm_std_offrtg,tm1_20_gm_avg_defrtg,tm1_20_gm_std_defrtg,tm1_20_gm_avg_pace,tm1_20_gm_std_pace,tm2_20_gm_avg_offrtg,tm2_20_gm_std_offrtg,tm2_20_gm_avg_defrtg,tm2_20_gm_std_defrtg,tm2_20_gm_avg_pace,tm2_20_gm_std_pace,tm1_10_gm_avg_offrtg,tm1_10_gm_std_offrtg,tm1_10_gm_avg_defrtg,tm1_10_gm_std_defrtg,tm1_10_gm_avg_pace,tm1_10_gm_std_pace,tm2_10_gm_avg_offrtg,tm2_10_gm_std_offrtg,tm2_10_gm_avg_defrtg,tm2_10_gm_std_defrtg,tm2_10_gm_avg_pace,tm2_10_gm_std_pace,nba_80_gm_avg_offrtg,nba_80_gm_std_offrtg,nba_80_gm_avg_defrtg,nba_80_gm_std_defrtg,nba_80_gm_avg_pace,nba_80_gm_std_pace,nba_40_gm_avg_offrtg,nba_40_gm_std_offrtg,nba_40_gm_avg_defrtg,nba_40_gm_std_defrtg,nba_40_gm_avg_pace,nba_40_gm_std_pace,nba_20_gm_avg_offrtg,nba_20_gm_std_offrtg,nba_20_gm_avg_defrtg,nba_20_gm_std_defrtg,nba_20_gm_avg_pace,nba_20_gm_std_pace,nba_10_gm_avg_offrtg,nba_10_gm_std_offrtg,nba_10_gm_avg_defrtg,nba_10_gm_std_defrtg,nba_10_gm_avg_pace,nba_10_gm_std_pace,80gm_tm1_minus_nba_avg_offrtg,80gm_tm1_minus_nba_std_offrtg,80gm_tm1_minus_nba_avg_defrtg,80gm_tm1_minus_nba_std_defrtg,80gm_tm1_minus_nba_avg_pace,80gm_tm1_minus_nba_std_pace,80gm_tm2_minus_nba_avg_offrtg,80gm_tm2_minus_nba_std_offrtg,80gm_tm2_minus_nba_avg_defrtg,80gm_tm2_minus_nba_std_defrtg,80gm_tm2_minus_nba_avg_pace,80gm_tm2_minus_nba_std_pace,40gm_tm1_minus_nba_avg_offrtg,40gm_tm1_minus_nba_std_offrtg,40gm_tm1_minus_nba_avg_defrtg,40gm_tm1_minus_nba_std_defrtg,40gm_tm1_minus_nba_avg_pace,40gm_tm1_minus_nba_std_pace,40gm_tm2_minus_nba_avg_offrtg,40gm_tm2_minus_nba_std_offrtg,40gm_tm2_minus_nba_avg_defrtg,40gm_tm2_minus_nba_std_defrtg,40gm_tm2_minus_nba_avg_pace,40gm_tm2_minus_nba_std_pace,20gm_tm1_minus_nba_avg_offrtg,20gm_tm1_minus_nba_std_offrtg,20gm_tm1_minus_nba_avg_defrtg,20gm_tm1_minus_nba_std_defrtg,20gm_tm1_minus_nba_avg_pace,20gm_tm1_minus_nba_std_pace,20gm_tm2_minus_nba_avg_offrtg,20gm_tm2_minus_nba_std_offrtg,20gm_tm2_minus_nba_avg_defrtg,20gm_tm2_minus_nba_std_defrtg,20gm_tm2_minus_nba_avg_pace,20gm_tm2_minus_nba_std_pace,10gm_tm1_minus_nba_avg_offrtg,10gm_tm1_minus_nba_std_offrtg,10gm_tm1_minus_nba_avg_defrtg,10gm_tm1_minus_nba_std_defrtg,10gm_tm1_minus_nba_avg_pace,10gm_tm1_minus_nba_std_pace,10gm_tm2_minus_nba_avg_offrtg,10gm_tm2_minus_nba_std_offrtg,10gm_tm2_minus_nba_avg_defrtg,10gm_tm2_minus_nba_std_defrtg,10gm_tm2_minus_nba_avg_pace,10gm_tm2_minus_nba_std_pace,Tm1_Points_Estimate_80gm,Tm2_Points_Estimate_80gm,Estimate_Points_Difference_80gm,Tm1_Points_Estimate_40gm,Tm2_Points_Estimate_40gm,Estimate_Points_Difference_40gm,Tm1_Points_Estimate_20gm,Tm2_Points_Estimate_20gm,Estimate_Points_Difference_20gm,Tm1_Points_Estimate_10gm,Tm2_Points_Estimate_10gm,Estimate_Points_Difference_10gm,Tm1_Points_Estimate_Weighted,Tm2_Points_Estimate_Weighted,Estimate_Points_Difference_Weighted,"BIGDATABALL
DATASET",GAME-ID,DATE,TEAM,VENUE,1Q,2Q,3Q,4Q,OT1,OT2,OT3,OT4,OT5,F,MIN,FG,FGA,3P,3PA,FT,FTA,OR,DR,TOT,A,PF,ST,TO,"TO
TO",BL,PTS,POSS,PACE,OEFF,DEFF,"TEAM
REST DAYS",STARTING LINEUPS,Unnamed: 38,Unnamed: 39,Unnamed: 40,Unnamed: 41,CREW CHIEF,"REFEREE
&
UMPIRE",OPENING ODDS,OPENING SPREAD,OPENING TOTAL,"LINE 
MOVEMENT #1","LINE 
MOVEMENT #2","LINE 
MOVEMENT #3","CLOSING
ODDS",CLOSING SPREAD,CLOSING TOTAL,MONEYLINE,HALFTIME,"BOX SCORE
URL","FULL GAME
ODDS URL",Team_Abrev,Nba_com_team_Abbrev,Opp_Abbrev,Nba_com_team_2_abbrev,Date_underscore,HomeTeam,AwayTeam,Matchup_GameDate_y,date,opponent
29910,1,MIL,MIL vs. BOS,2023-03-30,L,48.0,97.0,38.0,101.0,0.376,14.0,43.0,0.326,7.0,11.0,0.636,15.0,30.0,45.0,22.0,13.0,4.0,1.0,16.0,-41.0,2022,Regular,4,MIL,MIL vs. BOS,03/30/2023,L,48.0,98.0,141.4,-43.4,0.579,1.69,15.3,0.3379999999999999,0.762,0.505,0.129,0.446,0.4579999999999999,100.0,30.7,2022,Regular,2,MIL,MIL vs. BOS,03/30/2023,L,48.0,0.446,0.129,0.129,0.3379999999999999,0.6809999999999999,0.22,0.091,0.238,2022,Regular,1,MIL,MIL vs. BOS,03/30/2023,L,48.0,9.0,17.0,8.0,36.0,14.0,8.0,12.0,54.0,2022,Regular,4,MIL,MIL vs. BOS,03/30/2023,L,48.0,0.574,0.426,0.495,0.124,0.433,0.0819999999999999,0.072,0.093,0.371,0.5,0.5,0.7140000000000001,0.286,0.579,0.421,2022,Regular,BOS,BOS @ MIL_03/30/2023,2,BOS,BOS @ MIL,03/30/2023,W,48.0,141.0,51.0,91.0,0.56,22.0,43.0,0.512,17.0,20.0,0.85,7.0,40.0,47.0,28.0,9.0,8.0,5.0,18.0,41.0,2022,Regular,1,BOS,BOS @ MIL,03/30/2023,W,48.0,141.4,98.0,43.4,0.5489999999999999,3.11,20.4,0.238,0.662,0.495,0.091,0.6809999999999999,0.706,100.0,69.3,2022,Regular,1,BOS,BOS @ MIL,03/30/2023,W,48.0,0.6809999999999999,0.22,0.091,0.238,0.446,0.129,0.129,0.3379999999999999,2022,Regular,2,BOS,BOS @ MIL,03/30/2023,W,48.0,14.0,8.0,12.0,54.0,9.0,17.0,8.0,36.0,2022,Regular,1,BOS,BOS @ MIL,03/30/2023,W,48.0,0.527,0.473,0.411,0.0279999999999999,0.4679999999999999,0.085,0.121,0.099,0.3829999999999999,0.4479999999999999,0.552,0.682,0.318,0.5489999999999999,0.451,2022,Regular,-44.0,-13.0,10.0,-0.184,-8.0,0.0,-0.186,-10.0,-9.0,-0.2139999999999999,8.0,-10.0,-2.0,-6.0,-4.0,-4.0,4.0,-2.0,t2,119,118.125,43.357142857142854,90.67857142857143,0.479625,14.607142857142858,39.80357142857143,0.36769642857142854,16.803571428571427,22.339285714285715,0.749625,11.0,38.267857142857146,49.267857142857146,26.089285714285715,14.357142857142858,6.142857142857143,5.107142857142857,18.25,5.946428571428571,115.25714285714285,109.70892857142857,5.546428571428572,0.6036964285714286,1.9941071428571426,18.27857142857143,0.2772321428571428,0.7513571428571428,0.5239464285714286,0.1394642857142857,0.56025,0.5891785714285714,101.74125000000001,53.8375,0.56025,0.2500178571428571,0.1394642857142857,0.2772321428571428,0.5143035714285714,0.2289285714285714,0.1154642857142857,0.24864285714285717,14.125,14.035714285714286,13.928571428571429,47.5,16.017857142857142,13.607142857142858,12.5,47.964285714285715,0.5610892857142857,0.4389107142857143,0.485125,0.0842142857142857,0.3720178571428571,0.11723214285714285,0.14282142857142857,0.11975,0.40082142857142855,0.49273214285714284,0.5073035714285714,0.8195178571428572,0.18051785714285712,0.6036964285714286,0.3963392857142857,44.125,116.9074074074074,41.833333333333336,88.5,0.47305555555555556,15.425925925925926,41.666666666666664,0.37083333333333324,17.814814814814813,22.166666666666668,0.7991111111111111,9.481481481481481,36.03703703703704,45.51851851851852,26.38888888888889,13.296296296296296,6.37037037037037,5.277777777777778,18.74074074074074,5.111111111111111,116.19999999999999,110.9425925925926,5.264814814814815,0.6327222222222221,2.12925925925926,18.987037037037037,0.24427777777777773,0.7574074074074075,0.5062037037037037,0.13185185185185186,0.5603333333333332,0.5958703703703704,99.29444444444444,52.592592592592595,0.5603333333333332,0.2530185185185185,0.13185185185185186,0.24427777777777773,0.533962962962963,0.23853703703703705,0.12348148148148148,0.24259259259259255,15.574074074074074,12.055555555555555,13.555555555555555,46.81481481481482,15.518518518518519,12.11111111111111,13.87037037037037,49.22222222222222,0.5287592592592592,0.47124074074074085,0.45277777777777783,0.051092592592592585,0.3939074074074075,0.11557407407407407,0.15327777777777776,0.1320185185185185,0.40174074074074073,0.5204444444444445,0.47957407407407404,0.8261666666666665,0.17394444444444446,0.6327222222222221,0.3672777777777778,50.7962962962963,1.2175925925925952,1.5238095238095184,2.1785714285714306,0.006569444444444461,-0.818783068783068,-1.8630952380952337,-0.003136904761904702,-1.011243386243386,0.17261904761904745,-0.04948611111111112,1.518518518518519,2.230820105820108,3.749338624338627,-0.299603174603174,1.0608465608465618,-0.227513227513227,-0.17063492063492092,-0.4907407407407405,0.8353174603174605,-0.942857142857136,-1.2336640211640315,0.28161375661375665,-0.029025793650793497,-0.13515211640211744,-0.7084656084656089,0.03295436507936508,-0.0060502645502646946,0.01774272486772488,0.007612433862433848,-8.333333333321313e-05,-0.006691798941798943,2.4468055555555708,1.2449074074074034,-8.333333333321313e-05,-0.003000661375661351,0.007612433862433848,0.03295436507936508,-0.019659391534391557,-0.00960846560846565,-0.008017195767195784,0.006050264550264611,-1.4490740740740744,1.9801587301587311,0.37301587301587347,0.6851851851851833,0.4993386243386233,1.496031746031747,-1.3703703703703702,-1.2579365079365061,0.032330026455026584,-0.03233002645502653,0.03234722222222214,0.033121693121693115,-0.02188955026455036,0.001658068783068789,-0.010456349206349191,-0.012268518518518512,-0.0009193121693121808,-0.027712301587301646,0.027729497354497368,-0.006648809523809307,0.006573412698412662,-0.029025793650793497,0.029061507936507913,-6.671296296296298,114.73459715639811,41.959123222748815,88.25414691943128,0.4766806872037914,12.337085308056873,34.11907582938389,0.3602245260663507,18.479265402843602,23.56516587677725,0.7841078199052133,10.389218009478673,33.041469194312796,43.43068720379147,25.25770142180095,14.066943127962086,7.328199052132701,4.623222748815166,19.96090047393365,0.0,114.22008293838863,114.22008293838863,3.7884387570147525e-17,0.6025799763033175,1.966338862559242,18.09366113744076,0.27698104265402845,0.7230302132701422,0.5000047393364929,0.13972097156398103,0.5469449052132701,0.5832565165876777,99.75059241706161,50.00011848341232,0.5469449052132701,0.27017654028436017,0.13972097156398103,0.27698104265402845,0.5469449052132701,0.27017654028436017,0.13972097156398103,0.27698104265402845,16.86611374407583,13.541469194312796,13.984597156398104,50.458530805687204,16.86611374407583,13.541469194312796,13.984597156398104,50.458530805687204,0.6125527251184835,0.38746267772511844,0.5174911137440759,0.07683234597156396,0.32103672985781984,0.12187559241706161,0.16146208530805686,0.147146327014218,0.4406558056872038,0.5069366113744076,0.49308116113744077,0.8316534360189575,0.1683773696682464,0.6025799763033175,0.3974324644549763,45.25473933649289,3.3904028436018905,1.3980196343940392,2.4244245091401524,0.0029443127962086035,2.270057549085985,5.684495599187542,0.007471902505077843,-1.6756939742721748,-1.225880162491535,-0.03448281990521329,0.6107819905213265,5.22638794854435,5.837169939065674,0.8315842924847665,0.2901997291807721,-1.1853419092755582,0.48392010832769117,-1.7109004739336484,5.946428571428571,1.037059918754224,-4.5111543669600564,5.546428571428572,0.001116452268111079,0.027768280297900683,0.18491029113067015,0.00025110020311436276,0.02832692958700067,0.02394168923493567,-0.0002566858496953206,0.01330509478672992,0.005922054840893698,1.9906575829383968,3.8373815165876763,0.01330509478672992,-0.020158683141503042,-0.0002566858496953206,0.00025110020311436276,-0.03264133378469869,-0.04124796885578877,-0.024256685849695328,-0.028338185511171288,-2.741113744075829,0.4942450914014902,-0.056025727826675364,-2.9585308056872037,-0.8482566012186865,0.06567366283006137,-1.4845971563981042,-2.4942450914014884,-0.05146343940419773,0.05144803656059588,-0.032366113744075886,0.007381939742721735,0.050981127285037287,-0.004643449559918758,-0.01864065673662829,-0.027396327014218014,-0.039834377115775255,-0.014204468517264757,0.014222410291130638,-0.012135578876100284,0.012140487474610717,0.001116452268111079,-0.0010931787406905924,-1.1297393364928894,2.1728102510092953,-0.1257898894154792,0.2458530805687218,-0.0036251316482358575,3.088840617869053,7.547590837282776,0.010608807266982545,-0.6644505880287888,-1.3984992101105824,0.015003291205897828,-0.9077365279971925,2.995567842724242,2.0878313147270475,1.1311874670879405,-0.7706468316657897,-0.9578286817623312,0.6545550289626121,-1.220159733192908,5.111111111111111,1.97991706161136,-3.277490345796025,5.264814814814815,0.030142245918904575,0.16292039670001812,0.893375899596279,-0.03270326487625072,0.034377194137265366,0.006198964367210791,-0.007869119712129169,0.013388428120063134,0.012613853782692641,-0.456147972617174,2.592474109180273,0.013388428120063134,-0.01715802176584169,-0.007869119712129169,-0.03270326487625072,-0.012981942250307132,-0.03163950324732312,-0.016239490082499544,-0.0343884500614359,-1.2920396700017545,-1.485913638757241,-0.42904160084254883,-3.643715990872387,-1.3475952255573098,-1.4303580832016856,-0.11422678602773395,-1.2363085834649823,-0.08379346585922431,0.0837780630156224,-0.06471333596629802,-0.02573975337897138,0.07287067754958765,-0.006301518342987547,-0.0081843075302791,-0.015127808495699502,-0.038915064946463074,0.01350783307003689,-0.01350708706336673,-0.005486769352290977,0.0055670747761980555,0.030142245918904575,-0.030154686677198506,5.541556959803408,1.2175925925925952,1.5238095238095184,2.1785714285714306,0.006569444444444461,-0.818783068783068,-1.8630952380952337,-0.003136904761904702,-1.011243386243386,0.17261904761904745,-0.04948611111111112,1.518518518518519,2.230820105820108,3.749338624338627,-0.299603174603174,1.0608465608465618,-0.227513227513227,-0.17063492063492092,-0.4907407407407405,0.8353174603174605,-0.942857142857136,-1.2336640211640315,0.28161375661375665,-0.029025793650793497,-0.13515211640211744,-0.7084656084656089,0.03295436507936508,-0.0060502645502646946,0.01774272486772488,0.007612433862433848,-8.333333333321313e-05,-0.006691798941798943,2.4468055555555708,1.2449074074074034,-8.333333333321313e-05,-0.003000661375661351,0.007612433862433848,0.03295436507936508,-0.019659391534391557,-0.00960846560846565,-0.008017195767195784,0.006050264550264611,-1.4490740740740744,1.9801587301587311,0.37301587301587347,0.6851851851851833,0.4993386243386233,1.496031746031747,-1.3703703703703702,-1.2579365079365061,0.032330026455026584,-0.03233002645502653,0.03234722222222214,0.033121693121693115,-0.02188955026455036,0.001658068783068789,-0.010456349206349191,-0.012268518518518512,-0.0009193121693121808,-0.027712301587301646,0.027729497354497368,-0.006648809523809307,0.006573412698412662,-0.029025793650793497,0.029061507936507913,-6.671296296296298,51,0.6219512195121951,51,0.6219512195121951,0,home,1,0,16.437873377810774,187319919,36.67860970596988,186645092,1,2,BOS @ MIL_03_30_2023,03/30/2023,MIL vs. BOS_03_30_2023,0.22000000000000064,0.2500000000000009,0.2500000000000009,0.23000000000000043,0.22999999999999865,1,1,1,1,1,114.83114754098362,10.921561869128526,109.59344262295082,12.058314819416228,101.35262295081968,5.2777570683133135,114.83114754098362,10.921561869128526,109.59344262295082,12.058314819416228,101.35262295081968,5.2777570683133135,115.80250000000001,11.163596688596423,110.2125,12.57647758561746,102.25875,5.12556297720878,115.80250000000001,11.163596688596423,110.2125,12.57647758561746,102.25875,5.12556297720878,119.81500000000001,10.378990671949804,111.655,12.737159685035955,102.85999999999999,4.8141676878060435,119.81500000000001,10.378990671949804,111.655,12.737159685035955,102.85999999999999,4.8141676878060435,119.96000000000001,11.99927775604293,113.91000000000001,13.585568323285802,104.07000000000001,4.236626016065142,119.96000000000001,11.99927775604293,113.91000000000001,13.585568323285802,104.07000000000001,4.236626016065142,113.12545731707317,11.346985037443487,113.12545731707317,11.346985037443487,98.69376016260163,5.4662331655567185,114.90024999999999,11.13696030528683,114.86833333333334,11.126857283905567,99.53054166666666,4.588038837409205,114.985,11.321063810865255,114.94366666666666,11.31745264829058,99.43213333333333,4.592437833836364,115.65899999999999,11.029065537119344,115.57633333333331,11.010673138616017,99.37906666666667,4.505995314556474,1.7056902239104517,-0.4254231683149605,-3.5320146941223527,0.7113297819727418,2.6588627882180447,-0.18847609724340497,1.7056902239104517,-0.4254231683149605,-3.5320146941223527,0.7113297819727418,2.6588627882180447,-0.18847609724340497,0.9022500000000235,0.02663638330959195,-4.655833333333334,1.449620301711894,2.728208333333342,0.5375241397995749,0.9022500000000235,0.02663638330959195,-4.655833333333334,1.449620301711894,2.728208333333342,0.5375241397995749,4.8300000000000125,-0.9420731389154504,-3.288666666666657,1.4197070367453755,3.4278666666666595,0.2217298539696797,4.8300000000000125,-0.9420731389154504,-3.288666666666657,1.4197070367453755,3.4278666666666595,0.2217298539696797,4.301000000000016,0.9702122189235869,-1.6663333333332986,2.574895184669785,4.690933333333334,-0.2693692984913314,4.301000000000016,0.9702122189235869,-1.6663333333332986,2.574895184669785,4.690933333333334,-0.2693692984913314,119.96416953281395,119.96416953281395,0.0,123.17918593750002,123.17918593750002,0.0,126.62443153333332,126.62443153333332,0.0,126.57652509999998,126.57652509999998,0.0,124.71842383916172,124.71842383916172,0.0,NBA 2022-2023 Regular Season,22201146,03/30/2023,Milwaukee,H,26,21,27,25,,,,,,99,240.0,38,101,14,43,7,11,15,30,45,22,16,4,13,13,1,99,99.55907862407862,99.55907862407862,99.43844536148268,140.62002374351084,3IN4-B2B,Khris Middleton,Giannis Antetokounmpo,Brook Lopez,Grayson Allen,Jrue Holiday,,Kevin Scott,-2.5 -15,-2.5,236.5,-2.5,-2.5 , -2.5,-2.5 -08,-2.5,238.0,-132,-8,BOX SCORE,ODDS,Mil,MIL,Bos,BOS,03_30_2023,MIL,BOS,BOS @ MIL_03_30_2023,2023-03-30,BOS
29911,2,BOS,BOS @ MIL,2023-03-30,W,48.0,141.0,51.0,91.0,0.56,22.0,43.0,0.512,17.0,20.0,0.85,7.0,40.0,47.0,28.0,9.0,8.0,5.0,18.0,41.0,2022,Regular,1,BOS,BOS @ MIL,03/30/2023,W,48.0,141.4,98.0,43.4,0.5489999999999999,3.11,20.4,0.238,0.662,0.495,0.091,0.6809999999999999,0.706,100.0,69.3,2022,Regular,1,BOS,BOS @ MIL,03/30/2023,W,48.0,0.6809999999999999,0.22,0.091,0.238,0.446,0.129,0.129,0.3379999999999999,2022,Regular,2,BOS,BOS @ MIL,03/30/2023,W,48.0,14.0,8.0,12.0,54.0,9.0,17.0,8.0,36.0,2022,Regular,1,BOS,BOS @ MIL,03/30/2023,W,48.0,0.527,0.473,0.411,0.0279999999999999,0.4679999999999999,0.085,0.121,0.099,0.3829999999999999,0.4479999999999999,0.552,0.682,0.318,0.5489999999999999,0.451,2022,Regular,MIL,BOS @ MIL_03/30/2023,1,MIL,MIL vs. BOS,03/30/2023,L,48.0,97.0,38.0,101.0,0.376,14.0,43.0,0.326,7.0,11.0,0.636,15.0,30.0,45.0,22.0,13.0,4.0,1.0,16.0,-41.0,2022,Regular,4,MIL,MIL vs. BOS,03/30/2023,L,48.0,98.0,141.4,-43.4,0.579,1.69,15.3,0.3379999999999999,0.762,0.505,0.129,0.446,0.4579999999999999,100.0,30.7,2022,Regular,2,MIL,MIL vs. BOS,03/30/2023,L,48.0,0.446,0.129,0.129,0.3379999999999999,0.6809999999999999,0.22,0.091,0.238,2022,Regular,1,MIL,MIL vs. BOS,03/30/2023,L,48.0,9.0,17.0,8.0,36.0,14.0,8.0,12.0,54.0,2022,Regular,4,MIL,MIL vs. BOS,03/30/2023,L,48.0,0.574,0.426,0.495,0.124,0.433,0.0819999999999999,0.072,0.093,0.371,0.5,0.5,0.7140000000000001,0.286,0.579,0.421,2022,Regular,44.0,13.0,-10.0,0.184,8.0,0.0,0.186,10.0,9.0,0.2139999999999999,-8.0,10.0,2.0,6.0,4.0,4.0,-4.0,2.0,t1,119,116.9074074074074,41.833333333333336,88.5,0.47305555555555556,15.425925925925926,41.666666666666664,0.37083333333333324,17.814814814814813,22.166666666666668,0.7991111111111111,9.481481481481481,36.03703703703704,45.51851851851852,26.38888888888889,13.296296296296296,6.37037037037037,5.277777777777778,18.74074074074074,5.111111111111111,116.19999999999999,110.9425925925926,5.264814814814815,0.6327222222222221,2.12925925925926,18.987037037037037,0.24427777777777773,0.7574074074074075,0.5062037037037037,0.13185185185185186,0.5603333333333332,0.5958703703703704,99.29444444444444,52.592592592592595,0.5603333333333332,0.2530185185185185,0.13185185185185186,0.24427777777777773,0.533962962962963,0.23853703703703705,0.12348148148148148,0.24259259259259255,15.574074074074074,12.055555555555555,13.555555555555555,46.81481481481482,15.518518518518519,12.11111111111111,13.87037037037037,49.22222222222222,0.5287592592592592,0.47124074074074085,0.45277777777777783,0.051092592592592585,0.3939074074074075,0.11557407407407407,0.15327777777777776,0.1320185185185185,0.40174074074074073,0.5204444444444445,0.47957407407407404,0.8261666666666665,0.17394444444444446,0.6327222222222221,0.3672777777777778,50.7962962962963,118.125,43.357142857142854,90.67857142857143,0.479625,14.607142857142858,39.80357142857143,0.36769642857142854,16.803571428571427,22.339285714285715,0.749625,11.0,38.267857142857146,49.267857142857146,26.089285714285715,14.357142857142858,6.142857142857143,5.107142857142857,18.25,5.946428571428571,115.25714285714285,109.70892857142857,5.546428571428572,0.6036964285714286,1.9941071428571426,18.27857142857143,0.2772321428571428,0.7513571428571428,0.5239464285714286,0.1394642857142857,0.56025,0.5891785714285714,101.74125000000001,53.8375,0.56025,0.2500178571428571,0.1394642857142857,0.2772321428571428,0.5143035714285714,0.2289285714285714,0.1154642857142857,0.24864285714285717,14.125,14.035714285714286,13.928571428571429,47.5,16.017857142857142,13.607142857142858,12.5,47.964285714285715,0.5610892857142857,0.4389107142857143,0.485125,0.0842142857142857,0.3720178571428571,0.11723214285714285,0.14282142857142857,0.11975,0.40082142857142855,0.49273214285714284,0.5073035714285714,0.8195178571428572,0.18051785714285712,0.6036964285714286,0.3963392857142857,44.125,-1.2175925925925952,-1.5238095238095184,-2.1785714285714306,-0.006569444444444461,0.818783068783068,1.8630952380952337,0.003136904761904702,1.011243386243386,-0.17261904761904745,0.04948611111111112,-1.518518518518519,-2.230820105820108,-3.749338624338627,0.299603174603174,-1.0608465608465618,0.227513227513227,0.17063492063492092,0.4907407407407405,-0.8353174603174605,0.942857142857136,1.2336640211640315,-0.28161375661375665,0.029025793650793497,0.13515211640211744,0.7084656084656089,-0.03295436507936508,0.0060502645502646946,-0.01774272486772488,-0.007612433862433848,8.333333333321313e-05,0.006691798941798943,-2.4468055555555708,-1.2449074074074034,8.333333333321313e-05,0.003000661375661351,-0.007612433862433848,-0.03295436507936508,0.019659391534391557,0.00960846560846565,0.008017195767195784,-0.006050264550264611,1.4490740740740744,-1.9801587301587311,-0.37301587301587347,-0.6851851851851833,-0.4993386243386233,-1.496031746031747,1.3703703703703702,1.2579365079365061,-0.032330026455026584,0.03233002645502653,-0.03234722222222214,-0.033121693121693115,0.02188955026455036,-0.001658068783068789,0.010456349206349191,0.012268518518518512,0.0009193121693121808,0.027712301587301646,-0.027729497354497368,0.006648809523809307,-0.006573412698412662,0.029025793650793497,-0.029061507936507913,6.671296296296298,114.73459715639811,41.959123222748815,88.25414691943128,0.4766806872037914,12.337085308056873,34.11907582938389,0.3602245260663507,18.479265402843602,23.56516587677725,0.7841078199052133,10.389218009478673,33.041469194312796,43.43068720379147,25.25770142180095,14.066943127962086,7.328199052132701,4.623222748815166,19.96090047393365,0.0,114.22008293838863,114.22008293838863,3.7884387570147525e-17,0.6025799763033175,1.966338862559242,18.09366113744076,0.27698104265402845,0.7230302132701422,0.5000047393364929,0.13972097156398103,0.5469449052132701,0.5832565165876777,99.75059241706161,50.00011848341232,0.5469449052132701,0.27017654028436017,0.13972097156398103,0.27698104265402845,0.5469449052132701,0.27017654028436017,0.13972097156398103,0.27698104265402845,16.86611374407583,13.541469194312796,13.984597156398104,50.458530805687204,16.86611374407583,13.541469194312796,13.984597156398104,50.458530805687204,0.6125527251184835,0.38746267772511844,0.5174911137440759,0.07683234597156396,0.32103672985781984,0.12187559241706161,0.16146208530805686,0.147146327014218,0.4406558056872038,0.5069366113744076,0.49308116113744077,0.8316534360189575,0.1683773696682464,0.6025799763033175,0.3974324644549763,45.25473933649289,2.1728102510092953,-0.1257898894154792,0.2458530805687218,-0.0036251316482358575,3.088840617869053,7.547590837282776,0.010608807266982545,-0.6644505880287888,-1.3984992101105824,0.015003291205897828,-0.9077365279971925,2.995567842724242,2.0878313147270475,1.1311874670879405,-0.7706468316657897,-0.9578286817623312,0.6545550289626121,-1.220159733192908,5.111111111111111,1.97991706161136,-3.277490345796025,5.264814814814815,0.030142245918904575,0.16292039670001812,0.893375899596279,-0.03270326487625072,0.034377194137265366,0.006198964367210791,-0.007869119712129169,0.013388428120063134,0.012613853782692641,-0.456147972617174,2.592474109180273,0.013388428120063134,-0.01715802176584169,-0.007869119712129169,-0.03270326487625072,-0.012981942250307132,-0.03163950324732312,-0.016239490082499544,-0.0343884500614359,-1.2920396700017545,-1.485913638757241,-0.42904160084254883,-3.643715990872387,-1.3475952255573098,-1.4303580832016856,-0.11422678602773395,-1.2363085834649823,-0.08379346585922431,0.0837780630156224,-0.06471333596629802,-0.02573975337897138,0.07287067754958765,-0.006301518342987547,-0.0081843075302791,-0.015127808495699502,-0.038915064946463074,0.01350783307003689,-0.01350708706336673,-0.005486769352290977,0.0055670747761980555,0.030142245918904575,-0.030154686677198506,5.541556959803408,3.3904028436018905,1.3980196343940392,2.4244245091401524,0.0029443127962086035,2.270057549085985,5.684495599187542,0.007471902505077843,-1.6756939742721748,-1.225880162491535,-0.03448281990521329,0.6107819905213265,5.22638794854435,5.837169939065674,0.8315842924847665,0.2901997291807721,-1.1853419092755582,0.48392010832769117,-1.7109004739336484,5.946428571428571,1.037059918754224,-4.5111543669600564,5.546428571428572,0.001116452268111079,0.027768280297900683,0.18491029113067015,0.00025110020311436276,0.02832692958700067,0.02394168923493567,-0.0002566858496953206,0.01330509478672992,0.005922054840893698,1.9906575829383968,3.8373815165876763,0.01330509478672992,-0.020158683141503042,-0.0002566858496953206,0.00025110020311436276,-0.03264133378469869,-0.04124796885578877,-0.024256685849695328,-0.028338185511171288,-2.741113744075829,0.4942450914014902,-0.056025727826675364,-2.9585308056872037,-0.8482566012186865,0.06567366283006137,-1.4845971563981042,-2.4942450914014884,-0.05146343940419773,0.05144803656059588,-0.032366113744075886,0.007381939742721735,0.050981127285037287,-0.004643449559918758,-0.01864065673662829,-0.027396327014218014,-0.039834377115775255,-0.014204468517264757,0.014222410291130638,-0.012135578876100284,0.012140487474610717,0.001116452268111079,-0.0010931787406905924,-1.1297393364928894,-1.2175925925925952,-1.5238095238095184,-2.1785714285714306,-0.006569444444444461,0.818783068783068,1.8630952380952337,0.003136904761904702,1.011243386243386,-0.17261904761904745,0.04948611111111112,-1.518518518518519,-2.230820105820108,-3.749338624338627,0.299603174603174,-1.0608465608465618,0.227513227513227,0.17063492063492092,0.4907407407407405,-0.8353174603174605,0.942857142857136,1.2336640211640315,-0.28161375661375665,0.029025793650793497,0.13515211640211744,0.7084656084656089,-0.03295436507936508,0.0060502645502646946,-0.01774272486772488,-0.007612433862433848,8.333333333321313e-05,0.006691798941798943,-2.4468055555555708,-1.2449074074074034,8.333333333321313e-05,0.003000661375661351,-0.007612433862433848,-0.03295436507936508,0.019659391534391557,0.00960846560846565,0.008017195767195784,-0.006050264550264611,1.4490740740740744,-1.9801587301587311,-0.37301587301587347,-0.6851851851851833,-0.4993386243386233,-1.496031746031747,1.3703703703703702,1.2579365079365061,-0.032330026455026584,0.03233002645502653,-0.03234722222222214,-0.033121693121693115,0.02188955026455036,-0.001658068783068789,0.010456349206349191,0.012268518518518512,0.0009193121693121808,0.027712301587301646,-0.027729497354497368,0.006648809523809307,-0.006573412698412662,0.029025793650793497,-0.029061507936507913,6.671296296296298,51,0.6219512195121951,51,0.6219512195121951,0,away,0,1,36.67860970596988,186645092,16.437873377810774,187319919,2,1,BOS @ MIL_03_30_2023,03/30/2023,BOS @ MIL_03_30_2023,-0.22000000000000064,-0.2500000000000009,-0.2500000000000009,-0.23000000000000043,-0.22999999999999865,0,0,0,0,0,115.00491803278689,12.689174207823879,109.33114754098362,11.067769136605722,98.71147540983605,4.740444014388516,115.00491803278689,12.689174207823879,109.33114754098362,11.067769136605722,98.71147540983605,4.740444014388516,116.99249999999999,10.78910626987074,111.22999999999999,10.830091033545,98.79849999999999,4.377013705068671,116.99249999999999,10.78910626987074,111.22999999999999,10.830091033545,98.79849999999999,4.377013705068671,118.56500000000001,11.089125778271061,111.90000000000002,11.846829467036851,98.8335,4.507675646809796,118.56500000000001,11.089125778271061,111.90000000000002,11.846829467036851,98.8335,4.507675646809796,120.28,10.224784702976503,108.86000000000001,15.148098523870543,100.25,4.709623716981597,120.28,10.224784702976503,108.86000000000001,15.148098523870543,100.25,4.709623716981597,113.12545731707317,11.346985037443487,113.12545731707317,11.346985037443487,98.69376016260163,5.4662331655567185,114.90024999999999,11.13696030528683,114.86833333333334,11.126857283905567,99.53054166666666,4.588038837409205,114.985,11.321063810865255,114.94366666666666,11.31745264829058,99.43213333333333,4.592437833836364,115.65899999999999,11.029065537119344,115.57633333333331,11.010673138616017,99.37906666666667,4.505995314556474,1.8794607157137193,1.3421891703803919,-3.7943097760895483,-0.27921590083776415,0.017715247234420417,-0.7257891511682022,1.8794607157137193,1.3421891703803919,-3.7943097760895483,-0.27921590083776415,0.017715247234420417,-0.7257891511682022,2.092250000000007,-0.3478540354160913,-3.6383333333333496,-0.2967662503605677,-0.7320416666666745,-0.21102513234053433,2.092250000000007,-0.3478540354160913,-3.6383333333333496,-0.2967662503605677,-0.7320416666666745,-0.21102513234053433,3.5800000000000125,-0.23193803259419354,-3.0436666666666383,0.5293768187462717,-0.5986333333333249,-0.08476218702656801,3.5800000000000125,-0.23193803259419354,-3.0436666666666383,0.5293768187462717,-0.5986333333333249,-0.08476218702656801,4.621000000000009,-0.8042808341428405,-6.716333333333296,4.1374253852545255,0.8709333333333262,0.2036284024251236,4.621000000000009,-0.8042808341428405,-6.716333333333296,4.1374253852545255,0.8709333333333262,0.2036284024251236,117.26847054563417,117.26847054563417,0.0,119.18145387083334,119.18145387083334,0.0,120.19010156999998,120.19010156999998,0.0,127.31382416666663,127.31382416666663,0.0,121.82235025894113,121.82235025894113,0.0,NBA 2022-2023 Regular Season,22201146,03/30/2023,Boston,R,34,41,39,26,,,,,,140,240.0,51,91,22,43,15,18,7,40,47,28,18,8,8,9,5,140,99.55907862407862,99.55907862407862,140.62002374351084,99.43844536148268,1,Jaylen Brown,Jayson Tatum,Al Horford,Derrick White,Marcus Smart,Matt Boland,Scott Twardoski,236.5o -10,2.5,236.5,236.5u,237u , 237.5u,238o -10,2.5,238.0,+112,116.5,,,Bos,BOS,Mil,MIL,03_30_2023,MIL,BOS,BOS @ MIL_03_30_2023,2023-03-30,MIL
29912,3,NOP,NOP @ DEN,2023-03-30,W,48.0,107.0,38.0,79.0,0.481,13.0,27.0,0.481,18.0,22.0,0.818,8.0,38.0,46.0,22.0,13.0,6.0,1.0,24.0,19.0,2022,Regular,2,NOP,NOP @ DEN,03/30/2023,W,48.0,116.3,95.7,20.7,0.579,1.69,17.6,0.256,0.722,0.515,0.141,0.563,0.603,92.0,61.8,2022,Regular,4,NOP,NOP @ DEN,03/30/2023,W,48.0,0.563,0.278,0.141,0.256,0.425,0.4,0.109,0.278,2022,Regular,3,NOP,NOP @ DEN,03/30/2023,W,48.0,8.0,8.0,12.0,38.0,10.0,8.0,8.0,52.0,2022,Regular,2,NOP,NOP @ DEN,03/30/2023,W,48.0,0.6579999999999999,0.342,0.467,0.1119999999999999,0.364,0.1119999999999999,0.168,0.075,0.355,0.36,0.64,1.0,0.0,0.579,0.421,2022,Regular,DEN,NOP @ DEN_03/30/2023,4,DEN,DEN vs. NOP,03/30/2023,L,48.0,88.0,32.0,80.0,0.4,4.0,28.0,0.143,20.0,32.0,0.625,11.0,29.0,40.0,21.0,10.0,4.0,5.0,21.0,-19.0,2022,Regular,3,DEN,DEN vs. NOP,03/30/2023,L,48.0,95.7,116.3,-20.7,0.6559999999999999,2.1,16.4,0.278,0.7440000000000001,0.485,0.109,0.425,0.4679999999999999,92.0,38.2,2022,Regular,3,DEN,DEN vs. NOP,03/30/2023,L,48.0,0.425,0.4,0.109,0.278,0.563,0.278,0.141,0.256,2022,Regular,4,DEN,DEN vs. NOP,03/30/2023,L,48.0,10.0,8.0,8.0,52.0,8.0,8.0,12.0,38.0,2022,Regular,3,DEN,DEN vs. NOP,03/30/2023,L,48.0,0.65,0.35,0.636,0.045,0.136,0.091,0.2269999999999999,0.114,0.591,0.607,0.3929999999999999,1.0,0.0,0.6559999999999999,0.344,2022,Regular,19.0,6.0,-1.0,0.081,9.0,-1.0,0.338,-2.0,-10.0,0.1929999999999999,-3.0,9.0,6.0,1.0,2.0,-4.0,3.0,3.0,t1,119,113.81481481481481,42.2962962962963,88.11111111111111,0.48162962962962963,11.333333333333334,30.87037037037037,0.3652962962962963,17.88888888888889,22.685185185185187,0.7911481481481482,10.703703703703704,34.0,44.7037037037037,26.037037037037038,14.907407407407407,7.944444444444445,4.296296296296297,20.462962962962962,2.074074074074074,113.61111111111111,111.50925925925924,2.0962962962962965,0.6156111111111111,1.866851851851852,18.546296296296294,0.2896296296296296,0.746537037037037,0.5192037037037037,0.1488888888888889,0.5460925925925926,0.5818518518518518,99.47833333333334,51.44444444444445,0.5460925925925926,0.2589444444444445,0.1488888888888889,0.2896296296296296,0.5418888888888889,0.2735,0.14587037037037037,0.2535,18.037037037037038,14.481481481481481,15.5,53.51851851851852,18.203703703703702,13.11111111111111,13.925925925925926,48.25925925925926,0.6486851851851851,0.35135185185185186,0.5452407407407408,0.07462962962962963,0.29727777777777775,0.13598148148148145,0.15740740740740738,0.1574444444444444,0.4707037037037037,0.5199444444444444,0.480074074074074,0.8814814814814815,0.11851851851851852,0.6156111111111111,0.38438888888888884,44.351851851851855,117.25454545454545,44.18181818181818,85.81818181818181,0.5156727272727274,12.036363636363637,31.054545454545455,0.38452727272727266,16.854545454545455,21.89090909090909,0.7701454545454548,9.654545454545454,32.74545454545454,42.4,29.490909090909092,14.672727272727272,7.454545454545454,4.509090909090909,18.163636363636364,4.509090909090909,118.49272727272728,113.93999999999998,4.558181818181818,0.6650909090909091,2.1472727272727274,20.869090909090907,0.2802909090909091,0.7248181818181818,0.5128545454545455,0.14763636363636362,0.5859818181818182,0.6153454545454545,98.6650909090909,53.043636363636374,0.5859818181818182,0.25645454545454544,0.14763636363636362,0.2802909090909091,0.5436363636363636,0.2540909090909091,0.13429090909090907,0.27518181818181814,16.072727272727274,12.654545454545454,15.763636363636364,55.345454545454544,18.0,13.527272727272727,13.854545454545455,52.945454545454545,0.6381454545454546,0.361909090909091,0.5484181818181819,0.0766181818181818,0.30781818181818177,0.1343090909090909,0.14374545454545454,0.13690909090909087,0.47187272727272733,0.6024727272727272,0.3975818181818182,0.8303818181818182,0.1696363636363636,0.6650909090909091,0.33492727272727263,47.32727272727273,-3.439730639730641,-1.8855218855218823,2.2929292929293013,-0.034043097643097764,-0.7030303030303031,-0.18417508417508444,-0.019230976430976376,1.034343434343434,0.7942760942760962,0.021002693602693356,1.0491582491582498,1.2545454545454575,2.303703703703704,-3.453872053872054,0.2346801346801346,0.4898989898989905,-0.2127946127946121,2.299326599326598,-2.435016835016835,-4.881616161616165,-2.4307407407407453,-2.461885521885521,-0.04947979797979796,-0.28042087542087546,-2.3227946127946133,0.009338720538720535,0.021718855218855193,0.006349158249158271,0.0012525252525252828,-0.039889225589225585,-0.033493602693602686,0.8132424242424321,-1.5991919191919237,-0.039889225589225585,0.002489898989899042,0.0012525252525252828,0.009338720538720535,-0.0017474747474747199,0.01940909090909093,0.0115794612794613,-0.021681818181818135,1.964309764309764,1.8269360269360266,-0.26363636363636367,-1.8269360269360249,0.2037037037037024,-0.4161616161616166,0.07138047138047021,-4.686195286195286,0.010539730639730571,-0.010557239057239154,-0.003177441077441112,-0.0019885521885521645,-0.010540404040404017,0.0016723905723905474,0.013661952861952847,0.020535353535353518,-0.0011690235690236528,-0.08252828282828273,0.08249225589225578,0.05109966329966331,-0.05111784511784509,-0.04947979797979796,0.049461616161616206,-2.9754208754208733,114.73459715639811,41.959123222748815,88.25414691943128,0.4766806872037914,12.337085308056873,34.11907582938389,0.3602245260663507,18.479265402843602,23.56516587677725,0.7841078199052133,10.389218009478673,33.041469194312796,43.43068720379147,25.25770142180095,14.066943127962086,7.328199052132701,4.623222748815166,19.96090047393365,0.0,114.22008293838863,114.22008293838863,3.7884387570147525e-17,0.6025799763033175,1.966338862559242,18.09366113744076,0.27698104265402845,0.7230302132701422,0.5000047393364929,0.13972097156398103,0.5469449052132701,0.5832565165876777,99.75059241706161,50.00011848341232,0.5469449052132701,0.27017654028436017,0.13972097156398103,0.27698104265402845,0.5469449052132701,0.27017654028436017,0.13972097156398103,0.27698104265402845,16.86611374407583,13.541469194312796,13.984597156398104,50.458530805687204,16.86611374407583,13.541469194312796,13.984597156398104,50.458530805687204,0.6125527251184835,0.38746267772511844,0.5174911137440759,0.07683234597156396,0.32103672985781984,0.12187559241706161,0.16146208530805686,0.147146327014218,0.4406558056872038,0.5069366113744076,0.49308116113744077,0.8316534360189575,0.1683773696682464,0.6025799763033175,0.3974324644549763,45.25473933649289,-0.9197823415833,0.3371730735474827,-0.14303580832016394,0.00494894242583821,-1.0037519747235386,-3.248705459013518,0.005071770229945594,-0.5903765139547126,-0.8799806915920634,0.007040328242934879,0.3144856942250307,0.9585308056872037,1.2730164999122309,0.7793356152360893,0.840464279445321,0.6162453923117432,-0.32692645251886887,0.5020624890293135,2.074074074074074,-0.6089718272775144,-2.7108236791293905,2.0962962962962965,0.01303113480779361,-0.09948701070738997,0.45263515885553574,0.012648586975601173,0.023506823766894835,0.019198964367210802,0.009167917324907876,-0.0008523126206775311,-0.0014046647358259001,-0.27225908372827234,1.4443259610321277,-0.0008523126206775311,-0.01123209583991569,0.009167917324907876,0.012648586975601173,-0.005056016324381241,0.0033234597156398538,0.0061493988063893446,-0.02348104265402845,1.1709232929612092,0.9400122871686847,1.5154028436018958,3.0599877128313153,1.3375899596278735,-0.43035808320168556,-0.05867123047217859,-2.199271546427944,0.03613246006670168,-0.03611082587326658,0.027749626996664944,-0.0022027163419343354,-0.023758952080042084,0.014105889064419841,-0.004054677900649478,0.010298117430226378,0.030047898016499874,0.013007833070036834,-0.013007087063366785,0.04982804546252406,-0.04985885114972788,0.01303113480779361,-0.013043575566087484,-0.9028874846410346,2.519948298147341,2.222694959069365,-2.435965101249465,0.038992040068935974,-0.3007216716932355,-3.0645303748384336,0.02430274666092197,-1.6247199482981465,-1.6742567858681596,-0.013962365359758477,-0.7346725549332191,-0.2960146488582538,-1.030687203791473,4.233207669108143,0.6057841447651864,0.12634640241275275,-0.11413183972425678,-1.7972641102972844,4.509090909090909,4.272644334338651,-0.2800829383886452,4.558181818181818,0.06251093278759157,0.1809338647134855,2.775429771650149,0.0033098664368806374,0.0017879685480396423,0.012849806118052531,0.007915392072382593,0.039036912968548054,0.032088937957776786,-1.0855015079707044,3.0435178802240515,0.039036912968548054,-0.013721994829814732,0.007915392072382593,0.0033098664368806374,-0.0033085415769065207,-0.016085631193451078,-0.005430062473071956,-0.0017992244722103146,-0.7933864713485548,-0.886923739767342,1.7790392072382595,4.88692373976734,1.1338862559241711,-0.014196467040068939,-0.1300517018526488,2.4869237397673416,0.025592729426971106,-0.02555358681602743,0.030927068074106057,-0.00021416415338217087,-0.013218548039638067,0.012433498492029293,-0.017716630762602326,-0.01023723610512714,0.031216921585523527,0.09553611589831956,-0.09549934295562257,-0.0012716178371392495,0.0012589939681172113,0.06251093278759157,-0.06250519172770369,2.0725333907798387,-3.439730639730641,-1.8855218855218823,2.2929292929293013,-0.034043097643097764,-0.7030303030303031,-0.18417508417508444,-0.019230976430976376,1.034343434343434,0.7942760942760962,0.021002693602693356,1.0491582491582498,1.2545454545454575,2.303703703703704,-3.453872053872054,0.2346801346801346,0.4898989898989905,-0.2127946127946121,2.299326599326598,-2.435016835016835,-4.881616161616165,-2.4307407407407453,-2.461885521885521,-0.04947979797979796,-0.28042087542087546,-2.3227946127946133,0.009338720538720535,0.021718855218855193,0.006349158249158271,0.0012525252525252828,-0.039889225589225585,-0.033493602693602686,0.8132424242424321,-1.5991919191919237,-0.039889225589225585,0.002489898989899042,0.0012525252525252828,0.009338720538720535,-0.0017474747474747199,0.01940909090909093,0.0115794612794613,-0.021681818181818135,1.964309764309764,1.8269360269360266,-0.26363636363636367,-1.8269360269360249,0.2037037037037024,-0.4161616161616166,0.07138047138047021,-4.686195286195286,0.010539730639730571,-0.010557239057239154,-0.003177441077441112,-0.0019885521885521645,-0.010540404040404017,0.0016723905723905474,0.013661952861952847,0.020535353535353518,-0.0011690235690236528,-0.08252828282828273,0.08249225589225578,0.05109966329966331,-0.05111784511784509,-0.04947979797979796,0.049461616161616206,-2.9754208754208733,36,0.43902439024390244,48,0.5853658536585366,-12,away,0,0,14.587810704522596,155603335,22.0256714063066,168351407,2,3,NOP @ DEN_03_30_2023,03/30/2023,NOP @ DEN_03_30_2023,0.3099999999999996,0.33999999999999897,0.37792857044160044,0.37792857044160044,0.3779285704416022,1,1,1,1,1,113.5859649122807,9.728390679502573,111.0982456140351,11.4523467842695,99.47947368421052,3.5068735674450977,113.5859649122807,9.728390679502573,111.0982456140351,11.4523467842695,99.47947368421052,3.5068735674450977,112.5175,10.50948015255384,113.1525,10.782654339975135,98.93525,3.768800385554248,112.5175,10.50948015255384,113.1525,10.782654339975135,98.93525,3.768800385554248,113.925,11.334942481222898,110.60000000000002,11.530965176199988,98.7,3.628831912975796,113.925,11.334942481222898,110.60000000000002,11.530965176199988,98.7,3.628831912975796,116.42999999999999,10.059053412501374,105.9,12.777497581468932,99.7,3.441575866437415,116.42999999999999,10.059053412501374,105.9,12.777497581468932,99.7,3.441575866437415,113.12545731707317,11.346985037443487,113.12545731707317,11.346985037443487,98.69376016260163,5.4662331655567185,114.90024999999999,11.13696030528683,114.86833333333334,11.126857283905567,99.53054166666666,4.588038837409205,114.985,11.321063810865255,114.94366666666666,11.31745264829058,99.43213333333333,4.592437833836364,115.65899999999999,11.029065537119344,115.57633333333331,11.010673138616017,99.37906666666667,4.505995314556474,0.46050759520753104,-1.618594357940914,-2.027211703038077,0.10536174682601285,0.7857135216088835,-1.9593595981116207,0.46050759520753104,-1.618594357940914,-2.027211703038077,0.10536174682601285,0.7857135216088835,-1.9593595981116207,-2.3827499999999873,-0.627480152732991,-1.715833333333336,-0.3442029439304317,-0.5952916666666681,-0.8192384518549574,-2.3827499999999873,-0.627480152732991,-1.715833333333336,-0.3442029439304317,-0.5952916666666681,-0.8192384518549574,-1.0600000000000023,0.01387867035764323,-4.3436666666666355,0.21351252790940833,-0.7321333333333229,-0.9636059208605676,-1.0600000000000023,0.01387867035764323,-4.3436666666666355,0.21351252790940833,-0.7321333333333229,-0.9636059208605676,0.7710000000000008,-0.9700121246179698,-9.676333333333304,1.766824442852915,0.3209333333333291,-1.0644194481190588,0.7710000000000008,-0.9700121246179698,-9.676333333333304,1.766824442852915,0.3209333333333291,-1.0644194481190588,115.01137960651587,115.01137960651587,0.0,113.01703391666666,113.01703391666666,0.0,116.73117399999997,116.73117399999997,0.0,125.7280143333333,125.7280143333333,0.0,118.59065544477437,118.59065544477437,0.0,NBA 2022-2023 Regular Season,22201147,03/30/2023,New Orleans,R,21,29,32,25,,,,,,107,240.0,38,79,13,27,18,22,8,38,46,22,24,6,11,13,1,107,91.29239933811364,91.29239933811364,117.20581425810832,96.39356686648162,3IN4,Brandon Ingram,Trey Murphy III,Jonas Valanciunas,Herbert Jones,CJ McCollum,Leon Wood,Mitchell Ervin,228.5o -15,7.5,228.5,226u,225.5u , 224.5u,225o -10,1.5,225.0,+104,114,,,Nor,NOP,Den,DEN,03_30_2023,DEN,NOP,NOP @ DEN_03_30_2023,2023-03-30,DEN
29913,4,DEN,DEN vs. NOP,2023-03-30,L,48.0,88.0,32.0,80.0,0.4,4.0,28.0,0.143,20.0,32.0,0.625,11.0,29.0,40.0,21.0,10.0,4.0,5.0,21.0,-19.0,2022,Regular,3,DEN,DEN vs. NOP,03/30/2023,L,48.0,95.7,116.3,-20.7,0.6559999999999999,2.1,16.4,0.278,0.7440000000000001,0.485,0.109,0.425,0.4679999999999999,92.0,38.2,2022,Regular,3,DEN,DEN vs. NOP,03/30/2023,L,48.0,0.425,0.4,0.109,0.278,0.563,0.278,0.141,0.256,2022,Regular,4,DEN,DEN vs. NOP,03/30/2023,L,48.0,10.0,8.0,8.0,52.0,8.0,8.0,12.0,38.0,2022,Regular,3,DEN,DEN vs. NOP,03/30/2023,L,48.0,0.65,0.35,0.636,0.045,0.136,0.091,0.2269999999999999,0.114,0.591,0.607,0.3929999999999999,1.0,0.0,0.6559999999999999,0.344,2022,Regular,NOP,NOP @ DEN_03/30/2023,3,NOP,NOP @ DEN,03/30/2023,W,48.0,107.0,38.0,79.0,0.481,13.0,27.0,0.481,18.0,22.0,0.818,8.0,38.0,46.0,22.0,13.0,6.0,1.0,24.0,19.0,2022,Regular,2,NOP,NOP @ DEN,03/30/2023,W,48.0,116.3,95.7,20.7,0.579,1.69,17.6,0.256,0.722,0.515,0.141,0.563,0.603,92.0,61.8,2022,Regular,4,NOP,NOP @ DEN,03/30/2023,W,48.0,0.563,0.278,0.141,0.256,0.425,0.4,0.109,0.278,2022,Regular,3,NOP,NOP @ DEN,03/30/2023,W,48.0,8.0,8.0,12.0,38.0,10.0,8.0,8.0,52.0,2022,Regular,2,NOP,NOP @ DEN,03/30/2023,W,48.0,0.6579999999999999,0.342,0.467,0.1119999999999999,0.364,0.1119999999999999,0.168,0.075,0.355,0.36,0.64,1.0,0.0,0.579,0.421,2022,Regular,-19.0,-6.0,1.0,-0.081,-9.0,1.0,-0.338,2.0,10.0,-0.1929999999999999,3.0,-9.0,-6.0,-1.0,-2.0,4.0,-3.0,-3.0,t2,119,117.25454545454545,44.18181818181818,85.81818181818181,0.5156727272727274,12.036363636363637,31.054545454545455,0.38452727272727266,16.854545454545455,21.89090909090909,0.7701454545454548,9.654545454545454,32.74545454545454,42.4,29.490909090909092,14.672727272727272,7.454545454545454,4.509090909090909,18.163636363636364,4.509090909090909,118.49272727272728,113.93999999999998,4.558181818181818,0.6650909090909091,2.1472727272727274,20.869090909090907,0.2802909090909091,0.7248181818181818,0.5128545454545455,0.14763636363636362,0.5859818181818182,0.6153454545454545,98.6650909090909,53.043636363636374,0.5859818181818182,0.25645454545454544,0.14763636363636362,0.2802909090909091,0.5436363636363636,0.2540909090909091,0.13429090909090907,0.27518181818181814,16.072727272727274,12.654545454545454,15.763636363636364,55.345454545454544,18.0,13.527272727272727,13.854545454545455,52.945454545454545,0.6381454545454546,0.361909090909091,0.5484181818181819,0.0766181818181818,0.30781818181818177,0.1343090909090909,0.14374545454545454,0.13690909090909087,0.47187272727272733,0.6024727272727272,0.3975818181818182,0.8303818181818182,0.1696363636363636,0.6650909090909091,0.33492727272727263,47.32727272727273,113.81481481481481,42.2962962962963,88.11111111111111,0.48162962962962963,11.333333333333334,30.87037037037037,0.3652962962962963,17.88888888888889,22.685185185185187,0.7911481481481482,10.703703703703704,34.0,44.7037037037037,26.037037037037038,14.907407407407407,7.944444444444445,4.296296296296297,20.462962962962962,2.074074074074074,113.61111111111111,111.50925925925924,2.0962962962962965,0.6156111111111111,1.866851851851852,18.546296296296294,0.2896296296296296,0.746537037037037,0.5192037037037037,0.1488888888888889,0.5460925925925926,0.5818518518518518,99.47833333333334,51.44444444444445,0.5460925925925926,0.2589444444444445,0.1488888888888889,0.2896296296296296,0.5418888888888889,0.2735,0.14587037037037037,0.2535,18.037037037037038,14.481481481481481,15.5,53.51851851851852,18.203703703703702,13.11111111111111,13.925925925925926,48.25925925925926,0.6486851851851851,0.35135185185185186,0.5452407407407408,0.07462962962962963,0.29727777777777775,0.13598148148148145,0.15740740740740738,0.1574444444444444,0.4707037037037037,0.5199444444444444,0.480074074074074,0.8814814814814815,0.11851851851851852,0.6156111111111111,0.38438888888888884,44.351851851851855,3.439730639730641,1.8855218855218823,-2.2929292929293013,0.034043097643097764,0.7030303030303031,0.18417508417508444,0.019230976430976376,-1.034343434343434,-0.7942760942760962,-0.021002693602693356,-1.0491582491582498,-1.2545454545454575,-2.303703703703704,3.453872053872054,-0.2346801346801346,-0.4898989898989905,0.2127946127946121,-2.299326599326598,2.435016835016835,4.881616161616165,2.4307407407407453,2.461885521885521,0.04947979797979796,0.28042087542087546,2.3227946127946133,-0.009338720538720535,-0.021718855218855193,-0.006349158249158271,-0.0012525252525252828,0.039889225589225585,0.033493602693602686,-0.8132424242424321,1.5991919191919237,0.039889225589225585,-0.002489898989899042,-0.0012525252525252828,-0.009338720538720535,0.0017474747474747199,-0.01940909090909093,-0.0115794612794613,0.021681818181818135,-1.964309764309764,-1.8269360269360266,0.26363636363636367,1.8269360269360249,-0.2037037037037024,0.4161616161616166,-0.07138047138047021,4.686195286195286,-0.010539730639730571,0.010557239057239154,0.003177441077441112,0.0019885521885521645,0.010540404040404017,-0.0016723905723905474,-0.013661952861952847,-0.020535353535353518,0.0011690235690236528,0.08252828282828273,-0.08249225589225578,-0.05109966329966331,0.05111784511784509,0.04947979797979796,-0.049461616161616206,2.9754208754208733,114.73459715639811,41.959123222748815,88.25414691943128,0.4766806872037914,12.337085308056873,34.11907582938389,0.3602245260663507,18.479265402843602,23.56516587677725,0.7841078199052133,10.389218009478673,33.041469194312796,43.43068720379147,25.25770142180095,14.066943127962086,7.328199052132701,4.623222748815166,19.96090047393365,0.0,114.22008293838863,114.22008293838863,3.7884387570147525e-17,0.6025799763033175,1.966338862559242,18.09366113744076,0.27698104265402845,0.7230302132701422,0.5000047393364929,0.13972097156398103,0.5469449052132701,0.5832565165876777,99.75059241706161,50.00011848341232,0.5469449052132701,0.27017654028436017,0.13972097156398103,0.27698104265402845,0.5469449052132701,0.27017654028436017,0.13972097156398103,0.27698104265402845,16.86611374407583,13.541469194312796,13.984597156398104,50.458530805687204,16.86611374407583,13.541469194312796,13.984597156398104,50.458530805687204,0.6125527251184835,0.38746267772511844,0.5174911137440759,0.07683234597156396,0.32103672985781984,0.12187559241706161,0.16146208530805686,0.147146327014218,0.4406558056872038,0.5069366113744076,0.49308116113744077,0.8316534360189575,0.1683773696682464,0.6025799763033175,0.3974324644549763,45.25473933649289,2.519948298147341,2.222694959069365,-2.435965101249465,0.038992040068935974,-0.3007216716932355,-3.0645303748384336,0.02430274666092197,-1.6247199482981465,-1.6742567858681596,-0.013962365359758477,-0.7346725549332191,-0.2960146488582538,-1.030687203791473,4.233207669108143,0.6057841447651864,0.12634640241275275,-0.11413183972425678,-1.7972641102972844,4.509090909090909,4.272644334338651,-0.2800829383886452,4.558181818181818,0.06251093278759157,0.1809338647134855,2.775429771650149,0.0033098664368806374,0.0017879685480396423,0.012849806118052531,0.007915392072382593,0.039036912968548054,0.032088937957776786,-1.0855015079707044,3.0435178802240515,0.039036912968548054,-0.013721994829814732,0.007915392072382593,0.0033098664368806374,-0.0033085415769065207,-0.016085631193451078,-0.005430062473071956,-0.0017992244722103146,-0.7933864713485548,-0.886923739767342,1.7790392072382595,4.88692373976734,1.1338862559241711,-0.014196467040068939,-0.1300517018526488,2.4869237397673416,0.025592729426971106,-0.02555358681602743,0.030927068074106057,-0.00021416415338217087,-0.013218548039638067,0.012433498492029293,-0.017716630762602326,-0.01023723610512714,0.031216921585523527,0.09553611589831956,-0.09549934295562257,-0.0012716178371392495,0.0012589939681172113,0.06251093278759157,-0.06250519172770369,2.0725333907798387,-0.9197823415833,0.3371730735474827,-0.14303580832016394,0.00494894242583821,-1.0037519747235386,-3.248705459013518,0.005071770229945594,-0.5903765139547126,-0.8799806915920634,0.007040328242934879,0.3144856942250307,0.9585308056872037,1.2730164999122309,0.7793356152360893,0.840464279445321,0.6162453923117432,-0.32692645251886887,0.5020624890293135,2.074074074074074,-0.6089718272775144,-2.7108236791293905,2.0962962962962965,0.01303113480779361,-0.09948701070738997,0.45263515885553574,0.012648586975601173,0.023506823766894835,0.019198964367210802,0.009167917324907876,-0.0008523126206775311,-0.0014046647358259001,-0.27225908372827234,1.4443259610321277,-0.0008523126206775311,-0.01123209583991569,0.009167917324907876,0.012648586975601173,-0.005056016324381241,0.0033234597156398538,0.0061493988063893446,-0.02348104265402845,1.1709232929612092,0.9400122871686847,1.5154028436018958,3.0599877128313153,1.3375899596278735,-0.43035808320168556,-0.05867123047217859,-2.199271546427944,0.03613246006670168,-0.03611082587326658,0.027749626996664944,-0.0022027163419343354,-0.023758952080042084,0.014105889064419841,-0.004054677900649478,0.010298117430226378,0.030047898016499874,0.013007833070036834,-0.013007087063366785,0.04982804546252406,-0.04985885114972788,0.01303113480779361,-0.013043575566087484,-0.9028874846410346,3.439730639730641,1.8855218855218823,-2.2929292929293013,0.034043097643097764,0.7030303030303031,0.18417508417508444,0.019230976430976376,-1.034343434343434,-0.7942760942760962,-0.021002693602693356,-1.0491582491582498,-1.2545454545454575,-2.303703703703704,3.453872053872054,-0.2346801346801346,-0.4898989898989905,0.2127946127946121,-2.299326599326598,2.435016835016835,4.881616161616165,2.4307407407407453,2.461885521885521,0.04947979797979796,0.28042087542087546,2.3227946127946133,-0.009338720538720535,-0.021718855218855193,-0.006349158249158271,-0.0012525252525252828,0.039889225589225585,0.033493602693602686,-0.8132424242424321,1.5991919191919237,0.039889225589225585,-0.002489898989899042,-0.0012525252525252828,-0.009338720538720535,0.0017474747474747199,-0.01940909090909093,-0.0115794612794613,0.021681818181818135,-1.964309764309764,-1.8269360269360266,0.26363636363636367,1.8269360269360249,-0.2037037037037024,0.4161616161616166,-0.07138047138047021,4.686195286195286,-0.010539730639730571,0.010557239057239154,0.003177441077441112,0.0019885521885521645,0.010540404040404017,-0.0016723905723905474,-0.013661952861952847,-0.020535353535353518,0.0011690235690236528,0.08252828282828273,-0.08249225589225578,-0.05109966329966331,0.05111784511784509,0.04947979797979796,-0.049461616161616206,2.9754208754208733,48,0.5853658536585366,36,0.43902439024390244,12,home,0,0,22.0256714063066,168351407,14.587810704522596,155603335,3,2,NOP @ DEN_03_30_2023,03/30/2023,DEN vs. NOP_03_30_2023,-0.3099999999999996,-0.33999999999999897,-0.37792857044160044,-0.37792857044160044,-0.3779285704416022,0,0,0,0,0,117.74754098360657,10.753938914918214,114.50983606557378,9.196860060514,98.26360655737705,5.423434039052773,117.74754098360657,10.753938914918214,114.50983606557378,9.196860060514,98.26360655737705,5.423434039052773,118.63499999999999,11.181820181173661,113.83999999999999,8.481950670658678,98.50425,5.05533020935735,118.63499999999999,11.181820181173661,113.83999999999999,8.481950670658678,98.50425,5.05533020935735,117.78500000000001,9.52400153628494,114.7,8.385764880532898,97.2335,4.427001212654239,117.78500000000001,9.52400153628494,114.7,8.385764880532898,97.2335,4.427001212654239,118.49000000000001,8.86384040169196,117.4,9.349034412410964,96.6,4.892170615721955,118.49000000000001,8.86384040169196,117.4,9.349034412410964,96.6,4.892170615721955,113.12545731707317,11.346985037443487,113.12545731707317,11.346985037443487,98.69376016260163,5.4662331655567185,114.90024999999999,11.13696030528683,114.86833333333334,11.126857283905567,99.53054166666666,4.588038837409205,114.985,11.321063810865255,114.94366666666666,11.31745264829058,99.43213333333333,4.592437833836364,115.65899999999999,11.029065537119344,115.57633333333331,11.010673138616017,99.37906666666667,4.505995314556474,4.622083666533399,-0.5930461225252728,1.384378748500609,-2.1501249769294866,-0.43015360522458934,-0.04279912650394557,4.622083666533399,-0.5930461225252728,1.384378748500609,-2.1501249769294866,-0.43015360522458934,-0.04279912650394557,3.7347500000000053,0.04485987588683038,-1.0283333333333502,-2.6449066132468886,-1.0262916666666655,0.46729137194814463,3.7347500000000053,0.04485987588683038,-1.0283333333333502,-2.6449066132468886,-1.0262916666666655,0.46729137194814463,2.8000000000000114,-1.7970622745803144,-0.24366666666665537,-2.9316877677576816,-2.1986333333333192,-0.165436621182125,2.8000000000000114,-1.7970622745803144,-0.24366666666665537,-2.9316877677576816,-2.1986333333333192,-0.165436621182125,2.8310000000000173,-2.1652251354273844,1.8236666666666963,-1.6616387262050534,-2.7790666666666795,0.3861753011654816,2.8310000000000173,-2.1652251354273844,1.8236666666666963,-1.6616387262050534,-2.7790666666666795,0.3861753011654816,114.34263991642688,114.34263991642688,0.0,117.87346902500002,117.87346902500002,0.0,114.76340360333333,114.76340360333333,0.0,112.69967799999996,112.69967799999996,0.0,114.6950587202259,114.6950587202259,0.0,NBA 2022-2023 Regular Season,22201147,03/30/2023,Denver,H,17,23,30,18,,,,,,88,240.0,32,80,4,28,20,32,11,29,40,21,21,4,9,10,5,88,91.29239933811364,91.29239933811364,96.39356686648162,117.20581425810832,2,Michael Porter Jr.,Aaron Gordon,Thomas Bryant,Kentavious Caldwell-Pope,Jamal Murray,,Mark Lindsay,-7.5 -05,-7.5,228.5,-1.5,-1.5 , -1,-1.5 -08,-1.5,225.0,-122,-4,BOX SCORE,ODDS,Den,DEN,Nor,NOP,03_30_2023,DEN,NOP,NOP @ DEN_03_30_2023,2023-03-30,NOP
